Benchmark Program,Mutant,Explaination,Usage
cfg,v9/cfg_test.c,"No
","CompletionUsage(completion_tokens=5, prompt_tokens=899, total_tokens=904, completion_tokens_details=CompletionTokensDetails(accepted_prediction_tokens=0, audio_tokens=0, reasoning_tokens=0, rejected_prediction_tokens=0), prompt_tokens_details=PromptTokensDetails(audio_tokens=0, cached_tokens=0))"
cfg,v24/cfg_test.c,"No
","CompletionUsage(completion_tokens=5, prompt_tokens=899, total_tokens=904, completion_tokens_details=CompletionTokensDetails(accepted_prediction_tokens=0, audio_tokens=0, reasoning_tokens=0, rejected_prediction_tokens=0), prompt_tokens_details=PromptTokensDetails(audio_tokens=0, cached_tokens=0))"
cfg,v13/cfg_test.c,"No
","CompletionUsage(completion_tokens=5, prompt_tokens=900, total_tokens=905, completion_tokens_details=CompletionTokensDetails(accepted_prediction_tokens=0, audio_tokens=0, reasoning_tokens=0, rejected_prediction_tokens=0), prompt_tokens_details=PromptTokensDetails(audio_tokens=0, cached_tokens=0))"
cfg,v4/cfg_test.c,"No — the only change is in `f()`’s `else` branch (mutant: `void f(int a) { ... }`), which alters only what gets printed; control flow and all non-printf side effects remain identical.","CompletionUsage(completion_tokens=53, prompt_tokens=900, total_tokens=953, completion_tokens_details=CompletionTokensDetails(accepted_prediction_tokens=0, audio_tokens=0, reasoning_tokens=0, rejected_prediction_tokens=0), prompt_tokens_details=PromptTokensDetails(audio_tokens=0, cached_tokens=0))"
cfg,v21/cfg_test.c,"No
","CompletionUsage(completion_tokens=5, prompt_tokens=899, total_tokens=904, completion_tokens_details=CompletionTokensDetails(accepted_prediction_tokens=0, audio_tokens=0, reasoning_tokens=0, rejected_prediction_tokens=0), prompt_tokens_details=PromptTokensDetails(audio_tokens=0, cached_tokens=0))"
cfg,v17/cfg_test.c,"No
","CompletionUsage(completion_tokens=5, prompt_tokens=899, total_tokens=904, completion_tokens_details=CompletionTokensDetails(accepted_prediction_tokens=0, audio_tokens=0, reasoning_tokens=0, rejected_prediction_tokens=0), prompt_tokens_details=PromptTokensDetails(audio_tokens=0, cached_tokens=0))"
cfg,v6/cfg_test.c,"No
","CompletionUsage(completion_tokens=5, prompt_tokens=901, total_tokens=906, completion_tokens_details=CompletionTokensDetails(accepted_prediction_tokens=0, audio_tokens=0, reasoning_tokens=0, rejected_prediction_tokens=0), prompt_tokens_details=PromptTokensDetails(audio_tokens=0, cached_tokens=0))"
cfg,v15/cfg_test.c,No,"CompletionUsage(completion_tokens=4, prompt_tokens=901, total_tokens=905, completion_tokens_details=CompletionTokensDetails(accepted_prediction_tokens=0, audio_tokens=0, reasoning_tokens=0, rejected_prediction_tokens=0), prompt_tokens_details=PromptTokensDetails(audio_tokens=0, cached_tokens=0))"
cfg,v23/cfg_test.c,"Yes
Line 1 (mutant): condition changed from `if (a != 1)` to `if (a >= 1)`, altering control flow for `a==1` and all `a>1` (which branch executes).","CompletionUsage(completion_tokens=54, prompt_tokens=901, total_tokens=955, completion_tokens_details=CompletionTokensDetails(accepted_prediction_tokens=0, audio_tokens=0, reasoning_tokens=0, rejected_prediction_tokens=0), prompt_tokens_details=PromptTokensDetails(audio_tokens=0, cached_tokens=0))"
cfg,v22/cfg_test.c,"Yes
Line 1 (mutant): condition changed from `if (a != 1)` to `if (a <= 1)`, altering control flow for `a==1` and `a<1` (which branch executes).","CompletionUsage(completion_tokens=53, prompt_tokens=901, total_tokens=954, completion_tokens_details=CompletionTokensDetails(accepted_prediction_tokens=0, audio_tokens=0, reasoning_tokens=0, rejected_prediction_tokens=0), prompt_tokens_details=PromptTokensDetails(audio_tokens=0, cached_tokens=0))"
cfg,v14/cfg_test.c,No,"CompletionUsage(completion_tokens=4, prompt_tokens=901, total_tokens=905, completion_tokens_details=CompletionTokensDetails(accepted_prediction_tokens=0, audio_tokens=0, reasoning_tokens=0, rejected_prediction_tokens=0), prompt_tokens_details=PromptTokensDetails(audio_tokens=0, cached_tokens=0))"
cfg,v2/cfg_test.c,No,"CompletionUsage(completion_tokens=4, prompt_tokens=901, total_tokens=905, completion_tokens_details=CompletionTokensDetails(accepted_prediction_tokens=0, audio_tokens=0, reasoning_tokens=0, rejected_prediction_tokens=0), prompt_tokens_details=PromptTokensDetails(audio_tokens=0, cached_tokens=0))"
cfg,v5/cfg_test.c,"No. The only change is in `g()` (`if (a == 7)` → `if (a >= 7)`), which only affects which `printf` runs and does not change control flow or side effects beyond output.","CompletionUsage(completion_tokens=51, prompt_tokens=901, total_tokens=952, completion_tokens_details=CompletionTokensDetails(accepted_prediction_tokens=0, audio_tokens=0, reasoning_tokens=0, rejected_prediction_tokens=0), prompt_tokens_details=PromptTokensDetails(audio_tokens=0, cached_tokens=0))"
cfg,v11/cfg_test.c,"No
","CompletionUsage(completion_tokens=5, prompt_tokens=901, total_tokens=906, completion_tokens_details=CompletionTokensDetails(accepted_prediction_tokens=0, audio_tokens=0, reasoning_tokens=0, rejected_prediction_tokens=0), prompt_tokens_details=PromptTokensDetails(audio_tokens=0, cached_tokens=0))"
cfg,v18/cfg_test.c,"No
","CompletionUsage(completion_tokens=5, prompt_tokens=901, total_tokens=906, completion_tokens_details=CompletionTokensDetails(accepted_prediction_tokens=0, audio_tokens=0, reasoning_tokens=0, rejected_prediction_tokens=0), prompt_tokens_details=PromptTokensDetails(audio_tokens=0, cached_tokens=0))"
cfg,v19/cfg_test.c,"No
","CompletionUsage(completion_tokens=5, prompt_tokens=901, total_tokens=906, completion_tokens_details=CompletionTokensDetails(accepted_prediction_tokens=0, audio_tokens=0, reasoning_tokens=0, rejected_prediction_tokens=0), prompt_tokens_details=PromptTokensDetails(audio_tokens=0, cached_tokens=0))"
cfg,v10/cfg_test.c,"Yes
Line in mutant `void h(int a) { if (a >= -4) ... }` changes the condition from `a == -4` to `a >= -4`, altering control flow (which branch executes) for all `a` values other than `-4`.","CompletionUsage(completion_tokens=62, prompt_tokens=901, total_tokens=963, completion_tokens_details=CompletionTokensDetails(accepted_prediction_tokens=0, audio_tokens=0, reasoning_tokens=0, rejected_prediction_tokens=0), prompt_tokens_details=PromptTokensDetails(audio_tokens=0, cached_tokens=0))"
cfg,v1/cfg_test.c,"Yes  
Mutant: in `f(int a)` the condition changed from `if (a > 13)` to `if (a >= 13)`, altering control flow for `a == 13` (mutant line with `if (a >= 13)`).","CompletionUsage(completion_tokens=60, prompt_tokens=901, total_tokens=961, completion_tokens_details=CompletionTokensDetails(accepted_prediction_tokens=0, audio_tokens=0, reasoning_tokens=0, rejected_prediction_tokens=0), prompt_tokens_details=PromptTokensDetails(audio_tokens=0, cached_tokens=0))"
cfg,v7/cfg_test.c,"No
","CompletionUsage(completion_tokens=5, prompt_tokens=901, total_tokens=906, completion_tokens_details=CompletionTokensDetails(accepted_prediction_tokens=0, audio_tokens=0, reasoning_tokens=0, rejected_prediction_tokens=0), prompt_tokens_details=PromptTokensDetails(audio_tokens=0, cached_tokens=0))"
cfg,v8/cfg_test.c,"No
","CompletionUsage(completion_tokens=5, prompt_tokens=903, total_tokens=908, completion_tokens_details=CompletionTokensDetails(accepted_prediction_tokens=0, audio_tokens=0, reasoning_tokens=0, rejected_prediction_tokens=0), prompt_tokens_details=PromptTokensDetails(audio_tokens=0, cached_tokens=0))"
cfg,v12/cfg_test.c,"No — the only change is in `h()`’s `if (a == -4)` branch (mutant: both branches `printf(""\nnot -4\n"");`), which affects output only and not control flow or data.","CompletionUsage(completion_tokens=52, prompt_tokens=902, total_tokens=954, completion_tokens_details=CompletionTokensDetails(accepted_prediction_tokens=0, audio_tokens=0, reasoning_tokens=0, rejected_prediction_tokens=0), prompt_tokens_details=PromptTokensDetails(audio_tokens=0, cached_tokens=0))"
cfg,v3/cfg_test.c,"No — the only change is in `f()` where the `printf` text differs (mutant `f`: both branches print the same), but control flow and all non-output side effects remain identical.","CompletionUsage(completion_tokens=44, prompt_tokens=902, total_tokens=946, completion_tokens_details=CompletionTokensDetails(accepted_prediction_tokens=0, audio_tokens=0, reasoning_tokens=0, rejected_prediction_tokens=0), prompt_tokens_details=PromptTokensDetails(audio_tokens=0, cached_tokens=0))"
cfg,v16/cfg_test.c,"No
","CompletionUsage(completion_tokens=5, prompt_tokens=903, total_tokens=908, completion_tokens_details=CompletionTokensDetails(accepted_prediction_tokens=0, audio_tokens=0, reasoning_tokens=0, rejected_prediction_tokens=0), prompt_tokens_details=PromptTokensDetails(audio_tokens=0, cached_tokens=0))"
cfg,v20/cfg_test.c,"No
","CompletionUsage(completion_tokens=5, prompt_tokens=903, total_tokens=908, completion_tokens_details=CompletionTokensDetails(accepted_prediction_tokens=0, audio_tokens=0, reasoning_tokens=0, rejected_prediction_tokens=0), prompt_tokens_details=PromptTokensDetails(audio_tokens=0, cached_tokens=0))"
quicksort,v3/quicksort.c,"Yes
Line in mutant `if(leftPointer > rightPointer) { break; }` changes the partition loop termination from `>=` to `>`, causing an extra swap when pointers are equal and potentially altering array contents/control flow.","CompletionUsage(completion_tokens=50, prompt_tokens=1149, total_tokens=1199, completion_tokens_details=CompletionTokensDetails(accepted_prediction_tokens=0, audio_tokens=0, reasoning_tokens=0, rejected_prediction_tokens=0), prompt_tokens_details=PromptTokensDetails(audio_tokens=0, cached_tokens=0))"
quicksort,v6/quicksort.c,"Yes
Line 1 (in `partition`): `while(rightPointer >= 0 && intArray[--rightPointer] > pivot)` can decrement `rightPointer` to `-1` and access `intArray[-1]`, unlike the original `rightPointer > 0` guard, causing different control flow/undefined behavior.","CompletionUsage(completion_tokens=72, prompt_tokens=1149, total_tokens=1221, completion_tokens_details=CompletionTokensDetails(accepted_prediction_tokens=0, audio_tokens=0, reasoning_tokens=0, rejected_prediction_tokens=0), prompt_tokens_details=PromptTokensDetails(audio_tokens=0, cached_tokens=0))"
quicksort,v1/quicksort.c,"Yes
Line in mutant `while(rightPointer >= 0 && intArray[--rightPointer] > pivot)` changes the loop bound from `> 0` to `>= 0`, allowing `rightPointer` to decrement to `-1` and potentially access `intArray[-1]` (undefined behavior) and altering partition control flow.","CompletionUsage(completion_tokens=74, prompt_tokens=1149, total_tokens=1223, completion_tokens_details=CompletionTokensDetails(accepted_prediction_tokens=0, audio_tokens=0, reasoning_tokens=0, rejected_prediction_tokens=0), prompt_tokens_details=PromptTokensDetails(audio_tokens=0, cached_tokens=0))"
quicksort,v2/quicksort.c,"Yes
Line 1 (mutant): in `partition`, the loop condition changes from `intArray[--rightPointer] > pivot` to `>= pivot`, altering partition behavior for elements equal to the pivot (can change swaps/partition point and thus recursion/data arrangement).","CompletionUsage(completion_tokens=59, prompt_tokens=1149, total_tokens=1208, completion_tokens_details=CompletionTokensDetails(accepted_prediction_tokens=0, audio_tokens=0, reasoning_tokens=0, rejected_prediction_tokens=0), prompt_tokens_details=PromptTokensDetails(audio_tokens=0, cached_tokens=0))"
quicksort,v4/quicksort.c,"No
","CompletionUsage(completion_tokens=5, prompt_tokens=1149, total_tokens=1154, completion_tokens_details=CompletionTokensDetails(accepted_prediction_tokens=0, audio_tokens=0, reasoning_tokens=0, rejected_prediction_tokens=0), prompt_tokens_details=PromptTokensDetails(audio_tokens=0, cached_tokens=0))"
quicksort,v5/quicksort.c,"Yes
Line in mutant `while(intArray[++leftPointer] < pivot-1)` changes the partition comparison from `< pivot` to `< pivot-1`, altering quicksort’s control flow and potentially the final ordering.","CompletionUsage(completion_tokens=47, prompt_tokens=1151, total_tokens=1198, completion_tokens_details=CompletionTokensDetails(accepted_prediction_tokens=0, audio_tokens=0, reasoning_tokens=0, rejected_prediction_tokens=0), prompt_tokens_details=PromptTokensDetails(audio_tokens=0, cached_tokens=0))"
merge2BSTree,v1/merge_2_bst.c,"Yes
Line 1 (mutant main): `rest=(p+q)-(min+max);` omits `+r`, changing `rest` and thus the constructed `root1` tree data/merge behavior.","CompletionUsage(completion_tokens=49, prompt_tokens=1888, total_tokens=1937, completion_tokens_details=CompletionTokensDetails(accepted_prediction_tokens=0, audio_tokens=0, reasoning_tokens=0, rejected_prediction_tokens=0), prompt_tokens_details=PromptTokensDetails(audio_tokens=0, cached_tokens=0))"
merge2BSTree,v2/merge_2_bst.c,"Yes
Line 1 (in `main`): `rest=(s+t)-(min+max);` omits `+u`, changing the computed `rest` value and thus the data stored in `root2` (affecting merge behavior beyond printf).","CompletionUsage(completion_tokens=57, prompt_tokens=1887, total_tokens=1944, completion_tokens_details=CompletionTokensDetails(accepted_prediction_tokens=0, audio_tokens=0, reasoning_tokens=0, rejected_prediction_tokens=0), prompt_tokens_details=PromptTokensDetails(audio_tokens=0, cached_tokens=1664))"
merge2BSTree,v6/merge_2_bst.c,"Yes
Mutant main(): `max= s > t ? (s > s? s : u) : (t > u ? t : u);` makes `(s > s)` always false, so when `s>t` it picks `u` instead of `max(s,u)`, changing `max`/tree values.","CompletionUsage(completion_tokens=73, prompt_tokens=1889, total_tokens=1962, completion_tokens_details=CompletionTokensDetails(accepted_prediction_tokens=0, audio_tokens=0, reasoning_tokens=0, rejected_prediction_tokens=0), prompt_tokens_details=PromptTokensDetails(audio_tokens=0, cached_tokens=0))"
merge2BSTree,v7/merge_2_bst.c,"Yes
Line in mutant `inorder()`: `inorder(root->right);` was changed to `inorder(root->left);`, breaking traversal (skips right subtree, repeats left) and can cause incorrect behavior/infinite recursion for certain trees.","CompletionUsage(completion_tokens=55, prompt_tokens=1889, total_tokens=1944, completion_tokens_details=CompletionTokensDetails(accepted_prediction_tokens=0, audio_tokens=0, reasoning_tokens=0, rejected_prediction_tokens=0), prompt_tokens_details=PromptTokensDetails(audio_tokens=0, cached_tokens=0))"
merge2BSTree,v4/merge_2_bst.c,"Yes
Line in mutant: in `merge()`, inside `if (current1->data < current2->data)` branch, `current1 = current1->left;` replaces `current1 = current1->right;`, changing traversal/control flow and merged result (not just printf).","CompletionUsage(completion_tokens=63, prompt_tokens=1889, total_tokens=1952, completion_tokens_details=CompletionTokensDetails(accepted_prediction_tokens=0, audio_tokens=0, reasoning_tokens=0, rejected_prediction_tokens=0), prompt_tokens_details=PromptTokensDetails(audio_tokens=0, cached_tokens=0))"
merge2BSTree,v3/merge_2_bst.c,"Yes
Mutant changes `current2 = current2->right;` to `current2 = current2->left;` in `merge()` else-branch, altering traversal/control flow and merged order (mutant: `else { ... current2 = current2->left; ... }`).","CompletionUsage(completion_tokens=63, prompt_tokens=1889, total_tokens=1952, completion_tokens_details=CompletionTokensDetails(accepted_prediction_tokens=0, audio_tokens=0, reasoning_tokens=0, rejected_prediction_tokens=0), prompt_tokens_details=PromptTokensDetails(audio_tokens=0, cached_tokens=0))"
merge2BSTree,v8/merge_2_bst.c,"Yes
Line in `merge`: condition changed from `if (current1->data < current2->data)` to `if (current1->data > current2->data)`, which alters which node is advanced/pushed and thus changes traversal/control flow and tree modifications (not just printf).","CompletionUsage(completion_tokens=63, prompt_tokens=1889, total_tokens=1952, completion_tokens_details=CompletionTokensDetails(accepted_prediction_tokens=0, audio_tokens=0, reasoning_tokens=0, rejected_prediction_tokens=0), prompt_tokens_details=PromptTokensDetails(audio_tokens=0, cached_tokens=0))"
merge2BSTree,v5/merge_2_bst.c,"Yes
Line in mutant: `min= p < q ? (p < r ? p : r) : (q < r ? r : r);` — when `p>=q` it forces `min=r` instead of `min=(q<r?q:r)`, changing tree values and subsequent merge behavior.","CompletionUsage(completion_tokens=69, prompt_tokens=1889, total_tokens=1958, completion_tokens_details=CompletionTokensDetails(accepted_prediction_tokens=0, audio_tokens=0, reasoning_tokens=0, rejected_prediction_tokens=0), prompt_tokens_details=PromptTokensDetails(audio_tokens=0, cached_tokens=0))"
elevator,v1/elevator.c,"Yes
Line 1 (mutant): `min()` always returns `b` (`if (a < b) return(b); else return(b);`), changing `floors_walked()` calculations and thus the optimization results.","CompletionUsage(completion_tokens=50, prompt_tokens=1531, total_tokens=1581, completion_tokens_details=CompletionTokensDetails(accepted_prediction_tokens=0, audio_tokens=0, reasoning_tokens=0, rejected_prediction_tokens=0), prompt_tokens_details=PromptTokensDetails(audio_tokens=0, cached_tokens=0))"
elevator,v8/elevator.c,"Yes
Mutant `floors_walked()` changes `nsteps += ...` to `nsteps -= ...` (line with `nsteps -= min(...)`), flipping the cost calculation and thus altering DP results and chosen stops.","CompletionUsage(completion_tokens=51, prompt_tokens=1531, total_tokens=1582, completion_tokens_details=CompletionTokensDetails(accepted_prediction_tokens=0, audio_tokens=0, reasoning_tokens=0, rejected_prediction_tokens=0), prompt_tokens_details=PromptTokensDetails(audio_tokens=0, cached_tokens=0))"
elevator,v2/elevator.c,"Yes
Line 1 (mutant): `min()` returns `a` in both branches (`else return(a);`) instead of returning the smaller of `a` and `b`, changing `floors_walked()` calculations and thus optimization results.","CompletionUsage(completion_tokens=54, prompt_tokens=1531, total_tokens=1585, completion_tokens_details=CompletionTokensDetails(accepted_prediction_tokens=0, audio_tokens=0, reasoning_tokens=0, rejected_prediction_tokens=0), prompt_tokens_details=PromptTokensDetails(audio_tokens=0, cached_tokens=0))"
elevator,v5/elevator.c,"Yes
Line in mutant `floors_walked`: `nsteps -= min(...)` instead of `nsteps += ...`, reversing the accumulated cost and changing optimization results/control flow.","CompletionUsage(completion_tokens=40, prompt_tokens=1531, total_tokens=1571, completion_tokens_details=CompletionTokensDetails(accepted_prediction_tokens=0, audio_tokens=0, reasoning_tokens=0, rejected_prediction_tokens=0), prompt_tokens_details=PromptTokensDetails(audio_tokens=0, cached_tokens=1408))"
elevator,v4/elevator.c,"Yes
Line in mutant `if (m[i][nstops] > m[laststop][nstops]) laststop = i;` reverses the comparison (was `<`), selecting the maximum-cost floor instead of the minimum, changing the returned `laststop` and subsequent behavior.","CompletionUsage(completion_tokens=61, prompt_tokens=1531, total_tokens=1592, completion_tokens_details=CompletionTokensDetails(accepted_prediction_tokens=0, audio_tokens=0, reasoning_tokens=0, rejected_prediction_tokens=0), prompt_tokens_details=PromptTokensDetails(audio_tokens=0, cached_tokens=0))"
elevator,v7/elevator.c,"Yes
- Mutant line 1: `min()` returns `-a` when `a < b` (instead of `a`), changing computed step counts in `floors_walked()` and thus altering optimization results and matrix values.","CompletionUsage(completion_tokens=53, prompt_tokens=1532, total_tokens=1585, completion_tokens_details=CompletionTokensDetails(accepted_prediction_tokens=0, audio_tokens=0, reasoning_tokens=0, rejected_prediction_tokens=0), prompt_tokens_details=PromptTokensDetails(audio_tokens=0, cached_tokens=0))"
elevator,v3/elevator.c,"Yes
Line in mutant `if (m[i][nstops] <= m[laststop][nstops]) laststop = i;` changes tie-breaking (chooses highest `i` on equal cost vs lowest), affecting returned `laststop` and subsequent path/cost selection.","CompletionUsage(completion_tokens=60, prompt_tokens=1531, total_tokens=1591, completion_tokens_details=CompletionTokensDetails(accepted_prediction_tokens=0, audio_tokens=0, reasoning_tokens=0, rejected_prediction_tokens=0), prompt_tokens_details=PromptTokensDetails(audio_tokens=0, cached_tokens=0))"
elevator,v6/elevator.c,"Yes
Line in mutant `if (m[i][nstops] < m[laststop][nstops]) laststop = i-1;` changes the selected `laststop` (off-by-one), affecting return value and subsequent matrix indexing/path reconstruction.","CompletionUsage(completion_tokens=55, prompt_tokens=1533, total_tokens=1588, completion_tokens_details=CompletionTokensDetails(accepted_prediction_tokens=0, audio_tokens=0, reasoning_tokens=0, rejected_prediction_tokens=0), prompt_tokens_details=PromptTokensDetails(audio_tokens=0, cached_tokens=0))"
nextDate1,v6/nextdate1.c,"Yes
offsetDays() switch uses `switch(m)` instead of `switch(m-1)` (mutant: `switch (m )`), changing the computed day-of-year offset for all months and thus altering date calculations.","CompletionUsage(completion_tokens=49, prompt_tokens=1748, total_tokens=1797, completion_tokens_details=CompletionTokensDetails(accepted_prediction_tokens=0, audio_tokens=0, reasoning_tokens=0, rejected_prediction_tokens=0), prompt_tokens_details=PromptTokensDetails(audio_tokens=0, cached_tokens=0))"
nextDate1,v10/nextdate1.c,"Yes
Line in mutant `revoffsetDays`: `if (offset < month[i]) break;` (was `<=`) changes month/day calculation when `offset` equals a month length, shifting boundary dates (e.g., offset 31 becomes day 0 of next month).","CompletionUsage(completion_tokens=61, prompt_tokens=1751, total_tokens=1812, completion_tokens_details=CompletionTokensDetails(accepted_prediction_tokens=0, audio_tokens=0, reasoning_tokens=0, rejected_prediction_tokens=0), prompt_tokens_details=PromptTokensDetails(audio_tokens=0, cached_tokens=0))"
nextDate1,v1/nextdate1.c,"Yes
Mutant `isLeap()` always returns 0 (first `return 0;` in `isLeap`), so leap years are never recognized, changing date validation and day-offset calculations.","CompletionUsage(completion_tokens=44, prompt_tokens=1751, total_tokens=1795, completion_tokens_details=CompletionTokensDetails(accepted_prediction_tokens=0, audio_tokens=0, reasoning_tokens=0, rejected_prediction_tokens=0), prompt_tokens_details=PromptTokensDetails(audio_tokens=0, cached_tokens=0))"
nextDate1,v8/nextdate1.c,"Yes
Mutant changes `revoffsetDays` month lengths (`int month[13] = { 0, 30, 28, ... }`), making January 30 days instead of 31, which yields incorrect date calculations.","CompletionUsage(completion_tokens=53, prompt_tokens=1751, total_tokens=1804, completion_tokens_details=CompletionTokensDetails(accepted_prediction_tokens=0, audio_tokens=0, reasoning_tokens=0, rejected_prediction_tokens=0), prompt_tokens_details=PromptTokensDetails(audio_tokens=0, cached_tokens=0))"
nextDate1,v9/nextdate1.c,"Yes
Mutant revoffsetDays(): `if (isLeap(y)) month[2] = 30;` (should be 29) changes date calculation for leap years, affecting returned d/m values.","CompletionUsage(completion_tokens=47, prompt_tokens=1751, total_tokens=1798, completion_tokens_details=CompletionTokensDetails(accepted_prediction_tokens=0, audio_tokens=0, reasoning_tokens=0, rejected_prediction_tokens=0), prompt_tokens_details=PromptTokensDetails(audio_tokens=0, cached_tokens=0))"
nextDate1,v7/nextdate1.c,"Yes
offsetDays(): in the switch, mutant `case 1: offset += 30;` (should be `31`) changes computed day offsets for months after January, affecting resulting dates.","CompletionUsage(completion_tokens=43, prompt_tokens=1751, total_tokens=1794, completion_tokens_details=CompletionTokensDetails(accepted_prediction_tokens=0, audio_tokens=0, reasoning_tokens=0, rejected_prediction_tokens=0), prompt_tokens_details=PromptTokensDetails(audio_tokens=0, cached_tokens=0))"
nextDate1,v14/nextdate1.c,"Yes
Line in mutant `else { x += remDays; ... }` changes logic from subtracting remaining days (`x -= remDays`) to adding them, producing incorrect date calculations when `x > remDays`.","CompletionUsage(completion_tokens=47, prompt_tokens=1751, total_tokens=1798, completion_tokens_details=CompletionTokensDetails(accepted_prediction_tokens=0, audio_tokens=0, reasoning_tokens=0, rejected_prediction_tokens=0), prompt_tokens_details=PromptTokensDetails(audio_tokens=0, cached_tokens=0))"
nextDate1,v13/nextdate1.c,"Yes
Mutant changes `offset2 = offset1 + x;` to `offset2 = offset1 - x;` inside `if (x <= remDays)` in `addDays`, altering the computed resulting date.","CompletionUsage(completion_tokens=49, prompt_tokens=1751, total_tokens=1800, completion_tokens_details=CompletionTokensDetails(accepted_prediction_tokens=0, audio_tokens=0, reasoning_tokens=0, rejected_prediction_tokens=0), prompt_tokens_details=PromptTokensDetails(audio_tokens=0, cached_tokens=0))"
nextDate1,v2/nextdate1.c,"Yes
Line 1 (mutant): `isLeap` always returns 1 (`return 1;` instead of `return 0;`), making every year treated as leap year and altering date validation and day-offset calculations.","CompletionUsage(completion_tokens=51, prompt_tokens=1751, total_tokens=1802, completion_tokens_details=CompletionTokensDetails(accepted_prediction_tokens=0, audio_tokens=0, reasoning_tokens=0, rejected_prediction_tokens=0), prompt_tokens_details=PromptTokensDetails(audio_tokens=0, cached_tokens=0))"
nextDate1,v5/nextdate1.c,"Yes  
Mutant changes `isValidDate` to `return 0;` for all months not in {2,4,6,9,11} (end of `isValidDate`), making dates in months 1,3,5,7,8,10,12 always invalid and preventing `addDays` from running.","CompletionUsage(completion_tokens=74, prompt_tokens=1751, total_tokens=1825, completion_tokens_details=CompletionTokensDetails(accepted_prediction_tokens=0, audio_tokens=0, reasoning_tokens=0, rejected_prediction_tokens=0), prompt_tokens_details=PromptTokensDetails(audio_tokens=0, cached_tokens=0))"
nextDate1,v3/nextdate1.c,"Yes
Line in mutant `if (d < 1 && d > 31) return 0;` is always false, so invalid days (e.g., 0 or 32) are no longer rejected, changing control flow and results.","CompletionUsage(completion_tokens=54, prompt_tokens=1751, total_tokens=1805, completion_tokens_details=CompletionTokensDetails(accepted_prediction_tokens=0, audio_tokens=0, reasoning_tokens=0, rejected_prediction_tokens=0), prompt_tokens_details=PromptTokensDetails(audio_tokens=0, cached_tokens=0))"
nextDate1,v11/nextdate1.c,"Yes
Line in mutant `revoffsetDays`: `offset = offset + month[i];` (should subtract) changes date calculation and can prevent correct loop termination, altering results/control flow.","CompletionUsage(completion_tokens=42, prompt_tokens=1751, total_tokens=1793, completion_tokens_details=CompletionTokensDetails(accepted_prediction_tokens=0, audio_tokens=0, reasoning_tokens=0, rejected_prediction_tokens=0), prompt_tokens_details=PromptTokensDetails(audio_tokens=0, cached_tokens=0))"
nextDate1,v4/nextdate1.c,"Yes
Line in mutant `isValidDate`: `else return !(d <= 28);` inverts the February non-leap-year validity check, making dates 1–28 invalid and 29–31 valid, changing control flow and results.","CompletionUsage(completion_tokens=54, prompt_tokens=1751, total_tokens=1805, completion_tokens_details=CompletionTokensDetails(accepted_prediction_tokens=0, audio_tokens=0, reasoning_tokens=0, rejected_prediction_tokens=0), prompt_tokens_details=PromptTokensDetails(audio_tokens=0, cached_tokens=0))"
nextDate1,v12/nextdate1.c,"Yes
Mutant changes `remDays` for non-leap years from `365-offset1` to `365-offset1+1` in `addDays` (mutant: `else { remDays=365-offset1+1; }`), altering the boundary for staying in the same year and thus the computed resulting date.","CompletionUsage(completion_tokens=71, prompt_tokens=1753, total_tokens=1824, completion_tokens_details=CompletionTokensDetails(accepted_prediction_tokens=0, audio_tokens=0, reasoning_tokens=0, rejected_prediction_tokens=0), prompt_tokens_details=PromptTokensDetails(audio_tokens=0, cached_tokens=0))"
Problem1,v6/Problem1.c,"Yes
The condition in `calculate_outputm3` was changed from `((input == 5) && cf==1)` to `((input == 5) || cf==1)`, making that branch execute for any input whenever `cf==1` (mutant: `if(((((input == 5) || cf==1 ) && a166 == 33) && a176 == 8))`).","CompletionUsage(completion_tokens=89, prompt_tokens=6999, total_tokens=7088, completion_tokens_details=CompletionTokensDetails(accepted_prediction_tokens=0, audio_tokens=0, reasoning_tokens=0, rejected_prediction_tokens=0), prompt_tokens_details=PromptTokensDetails(audio_tokens=0, cached_tokens=0))"
Problem1,v8/Problem1.c,"Yes
Mutant changes `calculate_outputm6` condition from `if ((a176==12 && ((input==2)&&cf==1)) && a166==33)` to `if ((a176==12 || ((input==2)&&cf==1)) && a166==33)`, making the transition execute for any input when `a176==12` (and even when `a176!=12` if `input==2`), altering state updates (`a166=36; a62=32; cf=0`).","CompletionUsage(completion_tokens=113, prompt_tokens=6999, total_tokens=7112, completion_tokens_details=CompletionTokensDetails(accepted_prediction_tokens=0, audio_tokens=0, reasoning_tokens=0, rejected_prediction_tokens=0), prompt_tokens_details=PromptTokensDetails(audio_tokens=0, cached_tokens=0))"
Problem1,v7/Problem1.c,"Yes  
Mutant changes `calculate_outputm3` condition from `(input == 4)` to `(input == 8)` (in `calculate_outputm3`, third `if`), making that transition unreachable for valid inputs and altering state updates (`a166=36; a62=33`) and control flow.","CompletionUsage(completion_tokens=68, prompt_tokens=6999, total_tokens=7067, completion_tokens_details=CompletionTokensDetails(accepted_prediction_tokens=0, audio_tokens=0, reasoning_tokens=0, rejected_prediction_tokens=0), prompt_tokens_details=PromptTokensDetails(audio_tokens=0, cached_tokens=3712))"
Problem1,v12/Problem1.c,"Yes
Line in mutant `calculate_outputm9`: condition changed from `if(a166 == 32 && input==4 && cf==1 && a52==8)` to `if(a166 == 32 || (input==4 && cf==1 && a52==8))`, making the branch execute whenever `a166==32` (regardless of input/a52), altering state (`cf=0; a52=9`) and control flow.","CompletionUsage(completion_tokens=97, prompt_tokens=6999, total_tokens=7096, completion_tokens_details=CompletionTokensDetails(accepted_prediction_tokens=0, audio_tokens=0, reasoning_tokens=0, rejected_prediction_tokens=0), prompt_tokens_details=PromptTokensDetails(audio_tokens=0, cached_tokens=3712))"
Problem1,v15/Problem1.c,"Yes
Mutant changes `calculate_outputm17` first condition from `if(a166 == 35 && input==5 && a175==8 && cf==1)` to `if(a166 != 35 && input==5 && a175==8 && cf==1)`, altering when state updates (`a166=32; a52=7; cf=0`) occur.","CompletionUsage(completion_tokens=82, prompt_tokens=6999, total_tokens=7081, completion_tokens_details=CompletionTokensDetails(accepted_prediction_tokens=0, audio_tokens=0, reasoning_tokens=0, rejected_prediction_tokens=0), prompt_tokens_details=PromptTokensDetails(audio_tokens=0, cached_tokens=0))"
Problem1,v2/Problem1.c,"Yes
Mutant changes `calculate_outputm1` first condition from `((cf==1 && a166==33) && (input==3) && a176==6)` to `((cf==1 && a166==33) || (input==3)) && a176==6`, which can trigger state updates (`cf=0; a166=36; a62=33;`) even when `cf!=1`/`a166!=33` as long as `input==3` and `a176==6`.","CompletionUsage(completion_tokens=114, prompt_tokens=6999, total_tokens=7113, completion_tokens_details=CompletionTokensDetails(accepted_prediction_tokens=0, audio_tokens=0, reasoning_tokens=0, rejected_prediction_tokens=0), prompt_tokens_details=PromptTokensDetails(audio_tokens=0, cached_tokens=2688))"
Problem1,v3/Problem1.c,"Yes
- Mutant `calculate_outputm1` changes condition from `&& a176 == 6` to `|| a176 == 6` (`if((a166 == 33 && (((input == 2) && cf==1 ) || a176 == 6)))`), making it trigger for any `a176==6` regardless of `input/cf`, altering control flow and state (`cf=0`).","CompletionUsage(completion_tokens=91, prompt_tokens=6999, total_tokens=7090, completion_tokens_details=CompletionTokensDetails(accepted_prediction_tokens=0, audio_tokens=0, reasoning_tokens=0, rejected_prediction_tokens=0), prompt_tokens_details=PromptTokensDetails(audio_tokens=0, cached_tokens=3712))"
Problem1,v16/Problem1.c,"Yes
Line in mutant `calculate_outputm18`: `if((a166 == 36 || (( cf==1 && (input == 1)) && a62 == 33)))` uses `||` instead of `&&`, so it can trigger (and set `cf=0`, `a62=35`) whenever `a166==36` regardless of `cf/input/a62`, changing state/control flow.","CompletionUsage(completion_tokens=89, prompt_tokens=6999, total_tokens=7088, completion_tokens_details=CompletionTokensDetails(accepted_prediction_tokens=0, audio_tokens=0, reasoning_tokens=0, rejected_prediction_tokens=0), prompt_tokens_details=PromptTokensDetails(audio_tokens=0, cached_tokens=3712))"
Problem1,v10/Problem1.c,"Yes
- Mutant `calculate_outputm6`: condition changed from `if (a176 == 12 && a166 == 33 && cf==1 && input==4)` to `if (a176 == 12 || (a166 == 33 && cf==1 && input==4))`, which can set `cf=0` and execute this branch even when `a176 != 12`, altering control flow/state.","CompletionUsage(completion_tokens=92, prompt_tokens=6999, total_tokens=7091, completion_tokens_details=CompletionTokensDetails(accepted_prediction_tokens=0, audio_tokens=0, reasoning_tokens=0, rejected_prediction_tokens=0), prompt_tokens_details=PromptTokensDetails(audio_tokens=0, cached_tokens=0))"
Problem1,v1/Problem1.c,"No — the only change is in `calculate_outputm1` where `printf(""%d\n"", 21);` becomes `printf(""%d\n"", 221);`, which affects output only and not control flow or state.","CompletionUsage(completion_tokens=49, prompt_tokens=6999, total_tokens=7048, completion_tokens_details=CompletionTokensDetails(accepted_prediction_tokens=0, audio_tokens=0, reasoning_tokens=0, rejected_prediction_tokens=0), prompt_tokens_details=PromptTokensDetails(audio_tokens=0, cached_tokens=3712))"
Problem1,v9/Problem1.c,"Yes
Mutant changes condition in `calculate_outputm5` from `a176 == 11` to `a176 == 110`, making the `(input==5)` transition unreachable when `a176` is 11 (mutant: `if((a176 == 110 && ...))`).","CompletionUsage(completion_tokens=65, prompt_tokens=6999, total_tokens=7064, completion_tokens_details=CompletionTokensDetails(accepted_prediction_tokens=0, audio_tokens=0, reasoning_tokens=0, rejected_prediction_tokens=0), prompt_tokens_details=PromptTokensDetails(audio_tokens=0, cached_tokens=3712))"
Problem1,v23/Problem1.c,"Yes  
Mutant changes `if((a166 == 36 && cf==1 )) { ... }` to `if(!(a166 == 36 && cf==1 )) { ... }` in `calculate_output`, inverting the condition and thus calling `calculate_outputm18/19/20` when `a166 != 36` instead of when `a166 == 36`.","CompletionUsage(completion_tokens=83, prompt_tokens=6999, total_tokens=7082, completion_tokens_details=CompletionTokensDetails(accepted_prediction_tokens=0, audio_tokens=0, reasoning_tokens=0, rejected_prediction_tokens=0), prompt_tokens_details=PromptTokensDetails(audio_tokens=0, cached_tokens=5760))"
Problem1,v24/Problem1.c,"Yes
- Mutant `calculate_output()` changes `if((a166 == 34 && cf==1 ))` to `if(!(a166 == 34 && cf==1 ))`, inverting the condition and thus calling `calculate_outputm11..m14` for all states *except* `a166==34` (functional control-flow change).","CompletionUsage(completion_tokens=76, prompt_tokens=6999, total_tokens=7075, completion_tokens_details=CompletionTokensDetails(accepted_prediction_tokens=0, audio_tokens=0, reasoning_tokens=0, rejected_prediction_tokens=0), prompt_tokens_details=PromptTokensDetails(audio_tokens=0, cached_tokens=5760))"
Problem1,v22/Problem1.c,"Yes
Line in mutant `calculate_output`: `if(!(a166 == 33 && cf==1 ))` negates the original condition, so when `a166==33` (initially true) none of `calculate_outputm1..m6` are called, changing state transitions/control flow beyond printf.","CompletionUsage(completion_tokens=67, prompt_tokens=6999, total_tokens=7066, completion_tokens_details=CompletionTokensDetails(accepted_prediction_tokens=0, audio_tokens=0, reasoning_tokens=0, rejected_prediction_tokens=0), prompt_tokens_details=PromptTokensDetails(audio_tokens=0, cached_tokens=6144))"
Problem1,v14/Problem1.c,"Yes
- In `calculate_outputm19` (mutant), the third `if` condition is changed to `if(((!(a166 == 36 && cf==1 ) && a62 == 32) && (input == 1)))`, which is not equivalent to the original `if((((a166 == 36 && cf==1 ) && a62 == 32) && (input == 1)))`; this alters when `cf` is cleared and thus changes control flow/state updates.","CompletionUsage(completion_tokens=106, prompt_tokens=7000, total_tokens=7106, completion_tokens_details=CompletionTokensDetails(accepted_prediction_tokens=0, audio_tokens=0, reasoning_tokens=0, rejected_prediction_tokens=0), prompt_tokens_details=PromptTokensDetails(audio_tokens=0, cached_tokens=6016))"
Problem1,v13/Problem1.c,"Yes
- In `calculate_outputm18` (mutant), the third condition is changed from `(cf==1 && input==4)` to `!(cf==1 && input==4)`, so it triggers for all inputs except 4 (when `a166==36 && a62==33`), altering state updates (`a166=32; a52=8; cf=0`) and control flow.","CompletionUsage(completion_tokens=89, prompt_tokens=6999, total_tokens=7088, completion_tokens_details=CompletionTokensDetails(accepted_prediction_tokens=0, audio_tokens=0, reasoning_tokens=0, rejected_prediction_tokens=0), prompt_tokens_details=PromptTokensDetails(audio_tokens=0, cached_tokens=5760))"
Problem1,v5/Problem1.c,"Yes
Mutant changes `calculate_outputm2` second condition to `if (a176==7 && input==3 && !(a166==33 && cf==1))`, making it unreachable in normal flow (since `a166==33 && cf==1` holds when `calculate_outputm2` is called), so the `a176=11` state transition never occurs.","CompletionUsage(completion_tokens=82, prompt_tokens=6999, total_tokens=7081, completion_tokens_details=CompletionTokensDetails(accepted_prediction_tokens=0, audio_tokens=0, reasoning_tokens=0, rejected_prediction_tokens=0), prompt_tokens_details=PromptTokensDetails(audio_tokens=0, cached_tokens=3712))"
Problem1,v11/Problem1.c,"Yes
- Mutant `calculate_outputm18`: condition changed from `cf==1` to `cf==14` in the `(input==4)` branch, making that transition unreachable and altering state updates/control flow.","CompletionUsage(completion_tokens=48, prompt_tokens=6999, total_tokens=7047, completion_tokens_details=CompletionTokensDetails(accepted_prediction_tokens=0, audio_tokens=0, reasoning_tokens=0, rejected_prediction_tokens=0), prompt_tokens_details=PromptTokensDetails(audio_tokens=0, cached_tokens=3712))"
Problem1,v18/Problem1.c,"Yes
- Mutant `calculate_outputm18` first condition is negated: `if(!(a166 == 36 && ((cf==1 && (input == 1)) && a62 == 33)))` causing `cf=0; a62=35;` to execute for almost all inputs/states instead of only when `(a166==36 && a62==33 && input==1 && cf==1)`, changing control flow and state updates.","CompletionUsage(completion_tokens=99, prompt_tokens=6999, total_tokens=7098, completion_tokens_details=CompletionTokensDetails(accepted_prediction_tokens=0, audio_tokens=0, reasoning_tokens=0, rejected_prediction_tokens=0), prompt_tokens_details=PromptTokensDetails(audio_tokens=0, cached_tokens=5760))"
Problem1,v20/Problem1.c,"Yes
- Mutant `calculate_outputm18` first condition changed from `(a166 == 36 && ...)` to `(!a166 == 36 && ...)`, which is effectively always false for `a166=36` and thus prevents the state update `a62=35` on `input==1` when `a166==36 && a62==33` (mutant: `if((!a166 == 36 && ...))`).","CompletionUsage(completion_tokens=97, prompt_tokens=7000, total_tokens=7097, completion_tokens_details=CompletionTokensDetails(accepted_prediction_tokens=0, audio_tokens=0, reasoning_tokens=0, rejected_prediction_tokens=0), prompt_tokens_details=PromptTokensDetails(audio_tokens=0, cached_tokens=5760))"
Problem1,v21/Problem1.c,"Yes
- In `calculate_outputm20` (mutant), the first condition is negated: `if(!(((input == 3) && (a166 == 36 && cf==1 )) && a62 == 35))`, causing this branch to execute for almost all inputs and set `cf=0; a62=32;`, preventing the second `if` from ever running and changing state transitions compared to the original.","CompletionUsage(completion_tokens=93, prompt_tokens=7000, total_tokens=7093, completion_tokens_details=CompletionTokensDetails(accepted_prediction_tokens=0, audio_tokens=0, reasoning_tokens=0, rejected_prediction_tokens=0), prompt_tokens_details=PromptTokensDetails(audio_tokens=0, cached_tokens=5760))"
Problem1,v19/Problem1.c,"Yes
- In `calculate_outputm19` the condition `a166 == 36` was mutated to `a166 == 360`, so the `(input==3)` transition that sets `a62=33` can never trigger when `a166` is 36, changing state/control flow.","CompletionUsage(completion_tokens=65, prompt_tokens=6999, total_tokens=7064, completion_tokens_details=CompletionTokensDetails(accepted_prediction_tokens=0, audio_tokens=0, reasoning_tokens=0, rejected_prediction_tokens=0), prompt_tokens_details=PromptTokensDetails(audio_tokens=0, cached_tokens=5760))"
Problem1,v17/Problem1.c,"Yes
Mutant changes `calculate_outputm20` first condition to `if((!((input == 3) && (a166 == 36 && cf==1 )) && a62 == 35))`, which triggers for almost all inputs (and even when `cf!=1`), altering control flow/state updates (`cf=0; a62=32;`) compared to original that only triggers when `input==3` and `cf==1`.","CompletionUsage(completion_tokens=97, prompt_tokens=7001, total_tokens=7098, completion_tokens_details=CompletionTokensDetails(accepted_prediction_tokens=0, audio_tokens=0, reasoning_tokens=0, rejected_prediction_tokens=0), prompt_tokens_details=PromptTokensDetails(audio_tokens=0, cached_tokens=5760))"
Problem1,v4/Problem1.c,"No — the only change is in `calculate_outputm2`’s `printf` (mutant: `printf(""%d \n"", 213);`), which affects output text/value only and does not change control flow or state.","CompletionUsage(completion_tokens=52, prompt_tokens=7000, total_tokens=7052, completion_tokens_details=CompletionTokensDetails(accepted_prediction_tokens=0, audio_tokens=0, reasoning_tokens=0, rejected_prediction_tokens=0), prompt_tokens_details=PromptTokensDetails(audio_tokens=0, cached_tokens=3712))"
adpcm,v1/adpcm.c,"Yes
- Mutant `my_sin`: `while (rad < 2 * PI) rad += 2 * PI;` (mutant) vs `while (rad < -2 * PI) rad += 2 * PI;` (source) changes range-reduction for negative angles, producing different sine/cosine results and thus different program behavior.","CompletionUsage(completion_tokens=78, prompt_tokens=10369, total_tokens=10447, completion_tokens_details=CompletionTokensDetails(accepted_prediction_tokens=0, audio_tokens=0, reasoning_tokens=0, rejected_prediction_tokens=0), prompt_tokens_details=PromptTokensDetails(audio_tokens=0, cached_tokens=0))"
adpcm,v4/adpcm.c,"Yes
- Mutant `encode()`: `if (eh == 0)` (mutant) replaces `if (eh >= 0)` (source), changing `ih` selection for all `eh > 0` cases and thus altering encoded output and downstream state/results.","CompletionUsage(completion_tokens=60, prompt_tokens=10368, total_tokens=10428, completion_tokens_details=CompletionTokensDetails(accepted_prediction_tokens=0, audio_tokens=0, reasoning_tokens=0, rejected_prediction_tokens=0), prompt_tokens_details=PromptTokensDetails(audio_tokens=0, cached_tokens=0))"
adpcm,v6/adpcm.c,"Yes
- In `encode()`, the `else` branch sets `ih = 0` instead of `ih = 1`, which can make `ih--` produce `-1` and then index `qq2_code2_table[ih]`/`wh_code_table[ih]` out of bounds, changing behavior/causing UB.","CompletionUsage(completion_tokens=76, prompt_tokens=10369, total_tokens=10445, completion_tokens_details=CompletionTokensDetails(accepted_prediction_tokens=0, audio_tokens=0, reasoning_tokens=0, rejected_prediction_tokens=0), prompt_tokens_details=PromptTokensDetails(audio_tokens=0, cached_tokens=6784))"
adpcm,v8/adpcm.c,"Yes
Mutant main(): inside `for(; j < 32767; j++)` loop sets `i = IN_END + 1;` (was `IN_END - 1`), causing out-of-bounds accesses to `compressed[i/2]` and `result[i]`/`result[i-1]` (mutant line with `i=IN_END+1;`).","CompletionUsage(completion_tokens=86, prompt_tokens=10369, total_tokens=10455, completion_tokens_details=CompletionTokensDetails(accepted_prediction_tokens=0, audio_tokens=0, reasoning_tokens=0, rejected_prediction_tokens=0), prompt_tokens_details=PromptTokensDetails(audio_tokens=0, cached_tokens=6784))"
adpcm,v7/adpcm.c,"Yes
- In `encode()`, mutant changes `decis = (564L * (long) deth) >> 12L;` to `decis = (564L * (long) deth) << 12L;`, drastically altering the threshold used in `if (my_abs(eh) > decis) ih--;` and thus changing `ih`/encoded output and downstream state.","CompletionUsage(completion_tokens=85, prompt_tokens=10369, total_tokens=10454, completion_tokens_details=CompletionTokensDetails(accepted_prediction_tokens=0, audio_tokens=0, reasoning_tokens=0, rejected_prediction_tokens=0), prompt_tokens_details=PromptTokensDetails(audio_tokens=0, cached_tokens=6784))"
adpcm,v5/adpcm.c,"Yes
Mutant changes `if (my_abs(eh) > decis) ih--;` to `if (my_abs(eh) > decis) ih++;` inside `encode()`, altering `ih` (and thus `dh`, `nbh`, `deth`, return value, and subsequent state).","CompletionUsage(completion_tokens=67, prompt_tokens=10369, total_tokens=10436, completion_tokens_details=CompletionTokensDetails(accepted_prediction_tokens=0, audio_tokens=0, reasoning_tokens=0, rejected_prediction_tokens=0), prompt_tokens_details=PromptTokensDetails(audio_tokens=0, cached_tokens=0))"
adpcm,v3/adpcm.c,"Yes
- Mutant `my_sin`: `while (rad > -2 * PI) rad += 2 * PI;` (second normalization loop) should be `while (rad < -2 * PI) ...`; as written it can loop forever for most `rad` values, changing control flow/termination.","CompletionUsage(completion_tokens=69, prompt_tokens=10369, total_tokens=10438, completion_tokens_details=CompletionTokensDetails(accepted_prediction_tokens=0, audio_tokens=0, reasoning_tokens=0, rejected_prediction_tokens=0), prompt_tokens_details=PromptTokensDetails(audio_tokens=0, cached_tokens=0))"
adpcm,v2/adpcm.c,"Yes
- Mutant `my_sin`: `while (rad > -2 * PI) rad -= 2 * PI;` (should be `rad > 2*PI`) makes the loop run for almost all `rad` values, changing `rad` normalization and thus all downstream computations using `my_sin/my_cos`.","CompletionUsage(completion_tokens=72, prompt_tokens=10369, total_tokens=10441, completion_tokens_details=CompletionTokensDetails(accepted_prediction_tokens=0, audio_tokens=0, reasoning_tokens=0, rejected_prediction_tokens=0), prompt_tokens_details=PromptTokensDetails(audio_tokens=0, cached_tokens=6784))"
Problem2,v6/Problem2.c,"Yes
Mutant changes `calculate_outputm25` third condition from `&&` to `||` (in mutant: `if((a563233528 == 9 && ((((input == 8) && cf==1 ) || ((-54 < a2002160881) && (76 >= a2002160881))) && a1389193574 == 34)))`), making the branch execute for many more states/inputs and thus altering control flow and state updates.","CompletionUsage(completion_tokens=102, prompt_tokens=21297, total_tokens=21399, completion_tokens_details=CompletionTokensDetails(accepted_prediction_tokens=0, audio_tokens=0, reasoning_tokens=0, rejected_prediction_tokens=0), prompt_tokens_details=PromptTokensDetails(audio_tokens=0, cached_tokens=0))"
Problem2,v2/Problem2.c,"Yes — in `calculate_outputm21` the first guard changed from `a2002160881 <= -181` (source) to `a2002160881 == -181` (mutant), altering when that transition executes and thus changing reachable state updates.","CompletionUsage(completion_tokens=57, prompt_tokens=21297, total_tokens=21354, completion_tokens_details=CompletionTokensDetails(accepted_prediction_tokens=0, audio_tokens=0, reasoning_tokens=0, rejected_prediction_tokens=0), prompt_tokens_details=PromptTokensDetails(audio_tokens=0, cached_tokens=0))"
Problem2,v4/Problem2.c,"Yes
- Mutant sets `cf = -1;` at start of `calculate_output` (instead of `cf = 1;`), preventing all `cf==1` guarded transitions and changing control flow/state updates.
- In mutant `calculate_outputm24`, condition changed to `if((((input == 3) | cf==1 ) ...))` (bitwise OR), making it true whenever `cf==1` regardless of `input`, altering control flow and state updates.","CompletionUsage(completion_tokens=104, prompt_tokens=21297, total_tokens=21401, completion_tokens_details=CompletionTokensDetails(accepted_prediction_tokens=0, audio_tokens=0, reasoning_tokens=0, rejected_prediction_tokens=0), prompt_tokens_details=PromptTokensDetails(audio_tokens=0, cached_tokens=16000))"
Problem2,v1/Problem2.c,"Yes
- Mutant `calculate_outputm25` negates the first condition (`if(!(...))`), so it executes the state-updating block for almost all inputs/states instead of only when `(input==7 && cf==1 && a563233528==9 && a1389193574==34 && -54<a2002160881<=76)` holds, changing control flow and global variable updates.","CompletionUsage(completion_tokens=88, prompt_tokens=21298, total_tokens=21386, completion_tokens_details=CompletionTokensDetails(accepted_prediction_tokens=0, audio_tokens=0, reasoning_tokens=0, rejected_prediction_tokens=0), prompt_tokens_details=PromptTokensDetails(audio_tokens=0, cached_tokens=17024))"
Problem2,v9/Problem2.c,"Yes
The mutant negates the guard `if((a1389193574 == 33 && a2002160881 <= -181 && a563233528 == 7 && cf==1 && a721393603 == 7))` to `if(!( ... ))` in `calculate_output`, changing which transition block (m21–m24) can execute and thus altering state updates/control flow.","CompletionUsage(completion_tokens=86, prompt_tokens=21297, total_tokens=21383, completion_tokens_details=CompletionTokensDetails(accepted_prediction_tokens=0, audio_tokens=0, reasoning_tokens=0, rejected_prediction_tokens=0), prompt_tokens_details=PromptTokensDetails(audio_tokens=0, cached_tokens=17024))"
Problem2,v7/Problem2.c,"Yes
- Mutant `calculate_outputm25` negates the first condition (`if(!(...))`), so it executes the state-updating block for almost all inputs/states instead of only when `(input==7 && cf==1 && a563233528==9 && a1389193574==34 && -54<a2002160881<=76)`, changing control flow and global variable updates.","CompletionUsage(completion_tokens=87, prompt_tokens=21298, total_tokens=21385, completion_tokens_details=CompletionTokensDetails(accepted_prediction_tokens=0, audio_tokens=0, reasoning_tokens=0, rejected_prediction_tokens=0), prompt_tokens_details=PromptTokensDetails(audio_tokens=0, cached_tokens=21120))"
Problem2,v5/Problem2.c,"Yes
- Mutant `calculate_outputm23` negates the guard condition (`if(!( ... ))`), so it executes the state-updating transition for all inputs/states *except* the intended one, changing control flow and global state updates.","CompletionUsage(completion_tokens=54, prompt_tokens=21297, total_tokens=21351, completion_tokens_details=CompletionTokensDetails(accepted_prediction_tokens=0, audio_tokens=0, reasoning_tokens=0, rejected_prediction_tokens=0), prompt_tokens_details=PromptTokensDetails(audio_tokens=0, cached_tokens=17024))"
Problem2,v3/Problem2.c,"Yes
Mutant changes `if((a563233528==9 && a721393603==8 && ... && cf==1))` to `if(!(...))` before calling `calculate_outputm25/m26`, inverting the condition and thus altering control flow (mutant `calculate_output`: `if(!((a563233528 == 9 && ( cf==1 && a721393603 == 8)) && ...))`).","CompletionUsage(completion_tokens=94, prompt_tokens=21298, total_tokens=21392, completion_tokens_details=CompletionTokensDetails(accepted_prediction_tokens=0, audio_tokens=0, reasoning_tokens=0, rejected_prediction_tokens=0), prompt_tokens_details=PromptTokensDetails(audio_tokens=0, cached_tokens=17024))"
Problem2,v10/Problem2.c,"Yes
- In `calculate_output` the condition guarding the `a721393603==5` branch was negated: mutant uses `if(!(((a721393603 == 5 && cf==1 ) && a1389193574 == 33) && (a563233528 == 7 && a2002160881 <= -181)))` instead of the original positive check, changing which transitions (`calculate_outputm16/m17`) can execute.","CompletionUsage(completion_tokens=97, prompt_tokens=21298, total_tokens=21395, completion_tokens_details=CompletionTokensDetails(accepted_prediction_tokens=0, audio_tokens=0, reasoning_tokens=0, rejected_prediction_tokens=0), prompt_tokens_details=PromptTokensDetails(audio_tokens=0, cached_tokens=19072))"
Problem2,v8/Problem2.c,"Yes
- In `calculate_outputm8` the first condition is negated: `if(!((a1389193574 == 32 && ... (input == 5) ... )))` (mutant) instead of `if((a1389193574 == 32 && ... (input == 5) ... ))` (source), causing the state-updating block to execute for almost all inputs/states rather than only when `input==5` and the guard holds.","CompletionUsage(completion_tokens=103, prompt_tokens=21298, total_tokens=21401, completion_tokens_details=CompletionTokensDetails(accepted_prediction_tokens=0, audio_tokens=0, reasoning_tokens=0, rejected_prediction_tokens=0), prompt_tokens_details=PromptTokensDetails(audio_tokens=0, cached_tokens=11904))"
nsichneu,v2/nsichneu.c,"Yes
- Mutant changes `if (x < y)` to `if (x > y)` in the first P1 block, altering when state updates (`P1_is_marked`, `P3_*`) occur.
- Mutant changes a later condition from `&&` to `||`: `if ((P1_is_marked >= 3)|| (P3_is_marked + 3 <= 6) && (P1_marking_member_0[0] == P1_marking_member_0[2]))`, which changes control flow and can execute the block under different states.","CompletionUsage(completion_tokens=126, prompt_tokens=68794, total_tokens=68920, completion_tokens_details=CompletionTokensDetails(accepted_prediction_tokens=0, audio_tokens=0, reasoning_tokens=0, rejected_prediction_tokens=0), prompt_tokens_details=PromptTokensDetails(audio_tokens=0, cached_tokens=0))"
nsichneu,v1/nsichneu.c,"Yes
- Mutant changes the first P1 transition guard from `if (x < y)` to `if (x > y)`, altering when `P1_is_marked`, `P3_is_marked`, and `P3_marking_member_0[...]` are updated (mutant: first `if (x > y)` inside the first `if (P1_marking_member_0[1] == P1_marking_member_0[2])` block).","CompletionUsage(completion_tokens=103, prompt_tokens=68795, total_tokens=68898, completion_tokens_details=CompletionTokensDetails(accepted_prediction_tokens=0, audio_tokens=0, reasoning_tokens=0, rejected_prediction_tokens=0), prompt_tokens_details=PromptTokensDetails(audio_tokens=0, cached_tokens=0))"
nsichneu,v7/nsichneu.c,"Yes
- Mutant changes the first P1 transition guard from `if (x < y)` to `if (x > y)`, altering control flow and whether state updates to `P1_is_marked/P3_*` occur.
- Mutant changes a later P2 condition from `(P2_marking_member_0[3] == P2_marking_member_0[4])` to `(P2_marking_member_0[3] != P2_marking_member_0[4])`, altering which transition can fire and thus state updates.","CompletionUsage(completion_tokens=119, prompt_tokens=68795, total_tokens=68914, completion_tokens_details=CompletionTokensDetails(accepted_prediction_tokens=0, audio_tokens=0, reasoning_tokens=0, rejected_prediction_tokens=0), prompt_tokens_details=PromptTokensDetails(audio_tokens=0, cached_tokens=34432))"
nsichneu,v12/nsichneu.c,"Yes
- Mutant changes the first P1 transition guard from `if (x < y)` to `if (x > y)`, altering control flow and updates to `P1_is_marked`, `P3_is_marked`, and `P3_marking_member_0` when `P1_marking_member_0[1]==P1_marking_member_0[2]`.
- Mutant changes a later P2 condition from `((P2_marking_member_0[2] == P2_marking_member_0[0]) && (P2_marking_member_0[2] == P2_marking_member_0[1]))` to `((P2_marking_member_0[2] == P2_marking_member_0[0]) || (P2_marking_member_0[2] == P2_marking_member_0[1]))`, enabling the block under more cases and thus changing state updates.","CompletionUsage(completion_tokens=202, prompt_tokens=68795, total_tokens=68997, completion_tokens_details=CompletionTokensDetails(accepted_prediction_tokens=0, audio_tokens=0, reasoning_tokens=0, rejected_prediction_tokens=0), prompt_tokens_details=PromptTokensDetails(audio_tokens=0, cached_tokens=65152))"
nsichneu,v3/nsichneu.c,"Yes
- Mutant changes the first P1 transition guard from `if (x < y)` to `if (x > y)`, altering control flow and thus updates to `P1_is_marked`, `P3_is_marked`, and `P3_marking_member_0` (mutant: first `if (x > y)` inside the `P1_marking_member_0[1] == P1_marking_member_0[2]` block).
- Mutant changes one P2 transition guard from `if ((b > a))` to `if ((b < a))`, altering whether markings are consumed/produced (mutant: block with condition `(P2_marking_member_0[0]==P2_marking_member_0[1]) && (P2_marking_member_0[0]==P2_marking_member_0[3])`, inside it `if ((b < a))`).","CompletionUsage(completion_tokens=198, prompt_tokens=68795, total_tokens=68993, completion_tokens_details=CompletionTokensDetails(accepted_prediction_tokens=0, audio_tokens=0, reasoning_tokens=0, rejected_prediction_tokens=0), prompt_tokens_details=PromptTokensDetails(audio_tokens=0, cached_tokens=38528))"
nsichneu,v11/nsichneu.c,"Yes
- Mutant changes the first P1 transition guard from `if (x < y)` to `if (x > y)`, altering when state updates (P1_is_marked/P3_is_marked and P3_marking_member_0 writes) occur.
- Mutant changes one later transition to do `P3_is_marked -= 3;` instead of `P3_is_marked += 3;`, altering marking count and subsequent array indexing/behavior.","CompletionUsage(completion_tokens=102, prompt_tokens=68795, total_tokens=68897, completion_tokens_details=CompletionTokensDetails(accepted_prediction_tokens=0, audio_tokens=0, reasoning_tokens=0, rejected_prediction_tokens=0), prompt_tokens_details=PromptTokensDetails(audio_tokens=0, cached_tokens=0))"
nsichneu,v6/nsichneu.c,"Yes
- Mutant changes condition `if (x < y)` to `if (x > y)` in the first P1 block (near start of loop), altering control flow and state updates.
- Mutant stores `-z` into `P3_marking_member_0[P3_is_marked+2]` instead of `z` in the second P1 block, changing data values/side effects.","CompletionUsage(completion_tokens=89, prompt_tokens=68796, total_tokens=68885, completion_tokens_details=CompletionTokensDetails(accepted_prediction_tokens=0, audio_tokens=0, reasoning_tokens=0, rejected_prediction_tokens=0), prompt_tokens_details=PromptTokensDetails(audio_tokens=0, cached_tokens=34432))"
nsichneu,v8/nsichneu.c,"Yes
- Mutant changes the first P1 transition guard from `if (x < y)` to `if (x > y)`, altering when `P1_is_marked`, `P3_is_marked`, and `P3_marking_member_0[...]` are updated (first `if` block inside the `while` loop).
- Mutant changes one later P2 transition condition from `if (b > a)` to `if (b >= a)`, allowing the transition to fire when `b == a` and thus changing state updates (block with condition `(P2_marking_member_0[3]==P2_marking_member_0[1]) && (P2_marking_member_0[3]==P2_marking_member_0[4])`).","CompletionUsage(completion_tokens=165, prompt_tokens=68795, total_tokens=68960, completion_tokens_details=CompletionTokensDetails(accepted_prediction_tokens=0, audio_tokens=0, reasoning_tokens=0, rejected_prediction_tokens=0), prompt_tokens_details=PromptTokensDetails(audio_tokens=0, cached_tokens=53888))"
nsichneu,v5/nsichneu.c,"Yes
- Mutant changes `if (x < y)` to `if (x > y)` in the first P1 block (mutant: `if (x > y)`), altering when state updates to `P1_is_marked`, `P3_is_marked`, and `P3_marking_member_0` occur.
- Mutant changes `if ( (P1_is_marked >= 3) && ...)` to `if ( !(P1_is_marked >= 3) && ...)` in the P1 condition with `(P1_marking_member_0[2] == P1_marking_member_0[0])`, altering control flow and side effects.","CompletionUsage(completion_tokens=146, prompt_tokens=68795, total_tokens=68941, completion_tokens_details=CompletionTokensDetails(accepted_prediction_tokens=0, audio_tokens=0, reasoning_tokens=0, rejected_prediction_tokens=0), prompt_tokens_details=PromptTokensDetails(audio_tokens=0, cached_tokens=34432))"
nsichneu,v4/nsichneu.c,"Yes
- Mutant: in first P1 block the condition changed from `if (x < y)` to `if (x > y)`, altering when the block executes and thus state updates (P1_is_marked/P3_is_marked/P3_marking_member_0).
- Mutant: in the P1 block with `(P1_marking_member_0[0] == P1_marking_member_0[1])`, `P1_is_marked -= 3;` became `P1_is_marked -= -3;` (i.e., adds 3), changing program state and subsequent control flow.","CompletionUsage(completion_tokens=134, prompt_tokens=68795, total_tokens=68929, completion_tokens_details=CompletionTokensDetails(accepted_prediction_tokens=0, audio_tokens=0, reasoning_tokens=0, rejected_prediction_tokens=0), prompt_tokens_details=PromptTokensDetails(audio_tokens=0, cached_tokens=35456))"
nsichneu,v9/nsichneu.c,"Yes
- Mutant changes the first P1 transition guard from `if (x < y)` to `if (x > y)`, altering when state updates occur.
- Mutant changes an assignment in a P2 transition from `P3_marking_member_0[P3_is_marked+0] = a;` to `P3_marking_member_0[P3_is_marked+0] = a+b;`, altering stored data.","CompletionUsage(completion_tokens=96, prompt_tokens=68796, total_tokens=68892, completion_tokens_details=CompletionTokensDetails(accepted_prediction_tokens=0, audio_tokens=0, reasoning_tokens=0, rejected_prediction_tokens=0), prompt_tokens_details=PromptTokensDetails(audio_tokens=0, cached_tokens=0))"
nsichneu,v10/nsichneu.c,"Yes
- Mutant changes the first P1 transition guard from `if (x < y)` to `if (x > y)`, altering control flow and state updates (first `if` inside the `P1_marking_member_0[1] == P1_marking_member_0[2]` block).
- Mutant changes an assignment from `P2_marking_member_0[0] = P2_marking_member_0[3];` to `P2_marking_member_0[0] = P2_marking_member_0[3] + 8;`, altering stored data (in the `P2_is_marked >= 5 && P2[0]==P2[1]==P2[2]` block).","CompletionUsage(completion_tokens=162, prompt_tokens=68797, total_tokens=68959, completion_tokens_details=CompletionTokensDetails(accepted_prediction_tokens=0, audio_tokens=0, reasoning_tokens=0, rejected_prediction_tokens=0), prompt_tokens_details=PromptTokensDetails(audio_tokens=0, cached_tokens=54912))"
Problem3,v1/Problem3.c,"Yes
- In `calculate_output` the mutant sets `cf = -1;` (instead of `cf = 1;` in the source), which prevents all `if (cf==1)` guarded transitions from executing and changes control flow/state updates (mutant: `void calculate_output(int input) { cf = -1; ... }`).","CompletionUsage(completion_tokens=75, prompt_tokens=176533, total_tokens=176608, completion_tokens_details=CompletionTokensDetails(accepted_prediction_tokens=0, audio_tokens=0, reasoning_tokens=0, rejected_prediction_tokens=0), prompt_tokens_details=PromptTokensDetails(audio_tokens=0, cached_tokens=0))"
Problem3,v2/Problem3.c,"Yes
- In `calculate_output` the mutant negates the top-level guard (`if(!(...))` instead of `if((...))`), reversing when the main state-machine dispatch executes vs. being skipped, thus changing control flow and state updates for all inputs.","CompletionUsage(completion_tokens=58, prompt_tokens=176535, total_tokens=176593, completion_tokens_details=CompletionTokensDetails(accepted_prediction_tokens=0, audio_tokens=0, reasoning_tokens=0, rejected_prediction_tokens=0), prompt_tokens_details=PromptTokensDetails(audio_tokens=0, cached_tokens=172672))"
Problem3,v5/Problem3.c,"Yes
- In `calculate_outputm28` the first condition is negated: `if(!(...))` instead of `if((...))`, reversing when that transition executes and thus changing control flow/state updates.","CompletionUsage(completion_tokens=47, prompt_tokens=176535, total_tokens=176582, completion_tokens_details=CompletionTokensDetails(accepted_prediction_tokens=0, audio_tokens=0, reasoning_tokens=0, rejected_prediction_tokens=0), prompt_tokens_details=PromptTokensDetails(audio_tokens=0, cached_tokens=97920))"
Problem3,v4/Problem3.c,"Yes
- In `calculate_outputm25` the first condition is negated (`if(!(...))` in mutant), flipping control flow and causing the state-updating block to execute when it *shouldn’t* (and not execute when it should).","CompletionUsage(completion_tokens=55, prompt_tokens=176535, total_tokens=176590, completion_tokens_details=CompletionTokensDetails(accepted_prediction_tokens=0, audio_tokens=0, reasoning_tokens=0, rejected_prediction_tokens=0), prompt_tokens_details=PromptTokensDetails(audio_tokens=0, cached_tokens=0))"
Problem3,v3/Problem3.c,"Yes
- In `calculate_outputm24` the first dispatch condition is negated: mutant has `if(!(...)) { calculate_outputm80(input); }` instead of `if((...)) { calculate_outputm80(input); }`, changing control flow (mutant calls `calculate_outputm80` for all states *except* the intended one).","CompletionUsage(completion_tokens=76, prompt_tokens=176534, total_tokens=176610, completion_tokens_details=CompletionTokensDetails(accepted_prediction_tokens=0, audio_tokens=0, reasoning_tokens=0, rejected_prediction_tokens=0), prompt_tokens_details=PromptTokensDetails(audio_tokens=0, cached_tokens=0))"
